,Tweets,len,ID,Date,Source,Likes,RTs,User Location,Geo,Coordinates
0,"@carol36102595 @Haddad_Fernando @PresidenteJair Todos mudaram de opini√£o, porque pessoas que defende um governo socialista, e se mudar para pa√≠ses como Estados Unidos que foi o que fez Fernanda Lima, seria muita hipocrisia, defender governo socialismo morando no Brasil, quero ver defender vivendo em Cuba.",306,1064215982447751168,2018-11-18 17:57:17,Twitter for iPhone,0,0,"Massachusetts, USA",,
1,@Haddad_Fernando Socialismo distribui mis√©ria por onde passa..,62,1063968514741030917,2018-11-18 01:33:56,Twitter Web Client,0,0,"S√£o Paulo, Brasil",,
2,Gostei de um v√≠deo @YouTube https://t.co/HhcFMj5J5S PORQUE FERNANDO HADDAD JOGOU A B√çBLIA FORA - CRISTIANISMO E SOCIALISMO N√ÉO,126,1063952646116126722,2018-11-18 00:30:52,Google,0,0,,,
3,‚ÄúEm defesa do socialismo‚Äù √© muito bom! A forma como o Haddad induz o leitor a um debate com perguntas muito bem estruturadas √© incr√≠vel.,136,1063926112596615168,2018-11-17 22:45:26,Twitter for iPhone,1,0,"Mogi Mirim, S√£o Paulo",,
4,"ESTE √â O SOCIALISMO NA PERIFERIA DE PARIS !! LEMBRANDO QUE HADDAD VENCEU EM PARIS COM 69,4% DOS VOTOS . https://t.co/MLkrHA67Sd",127,1063913029446877184,2018-11-17 21:53:27,Twitter for Android,2,0,Taubat√© S.P,,
5,Gostei de um v√≠deo @YouTube https://t.co/JWA9FvexM8 PORQUE FERNANDO HADDAD JOGOU A B√çBLIA FORA - CRISTIANISMO E SOCIALISMO N√ÉO,126,1063839419801763840,2018-11-17 17:00:57,Google,0,0,CABO FRIO - RJ - Brasil,,
6,"@Haddad_Fernando meu filho, n√£o existe essa de socialismo democr√°tico! Ou se √© socialista ou se √© democr√°tico!!!! Pare de enganar as pessoas!!! Vergonha alheia por vcs petistas",176,1063828459548479488,2018-11-17 16:17:24,Twitter Lite,0,0,Belo Horizonte - MG,,
7,"@jairbolsonaro_2 @conservadores Jamais!!! Estou cada vez mais a favor de Bolsonaro, e olha que j√° votei no Lula, por pura falta de informa√ßao. Agora, depois que estudei sobre socialismo, li o livro do Haddad, li as propostas dos dois  candidatos e por ultimo vi o ""kit gay"", mudei pra sempre minha opini√£o!",306,1063820799323373569,2018-11-17 15:46:58,Twitter for Android,1,0,"Guarulhos, Brasil",,
8,I liked a @YouTube video https://t.co/sKBGzE2pEJ SAIBA PORQUE FERNANDO HADDAD JOGOU A B√çBLIA FORA - CRISTIANISMO E SOCIALISMO N√ÉO,129,1063814612133560321,2018-11-17 15:22:22,Google,0,0,"Minas Gerais, Brasil",,
9,"Quem Defende o Lulismo o Socialismo Comunismo deveria passar pelo menos 1 ano de F√©rias em Cuba, mas vivendo como um Cubano. Ser√° que o Haddad, Manoela, Ciro Gomes tem coragem? #ElesN√£o mais o Povo pode! Olha... https://t.co/57NMZBDs2m",235,1063728472789536768,2018-11-17 09:40:05,Facebook,0,0,Brazil,,
10,"''Bolsonaro ganhou na Venezuela, t√° vendo? quem conhece o socialismo n√£o vota na esquerda'' _ Mas o Haddad ganhou em Havana, bolsominion. ''VAI PRA CUBA ENT√ÉO''",160,1063608072533364737,2018-11-17 01:41:40,Twitter Web Client,0,0,,,
11,"@RenatoArc @betozsantos @vanusaabreuc @ricardoruass @socialcaipira @derMutteralle @moema4 @kerlenrs @garotodestro @GabrielCarDu @Valqurias4 @Esqueleto50 @LavaJatoNews @clafritz @Maria13petralha @efmiranda52 @MeryanyG @RENATOGONZAGA @FatimaS25987223 @Gorpo1973 @luis13vieira @Anapersonalvip @albatrozafbj @Peter_Lyra @irenegalvao @acabraquele @MichelieRodrigo @Antoniocdmr @UolCozer @maedabolinha @CynthiaPilan @gabnascimento @LciaPontes1 @silneyart @Patpernambucana @Descartes_News @ulilimas @negoconservador @AriSirius @tahardd @Fernanda_CidL @abinelfoxwork @ceribeiro82 @AltinhoRJ @JenSoares73 @minceauras @A_Paz_de_Cristo @Gus_Moreira @maulroou Eu sei disso, s√£o capitalistas enrustidos, fantasiados com capa do socialismo barato criminoso do PT. Socialismo marxista ultrapassado que n√£o engana mais ningu√©m. Mas eles est√£o acabando e r√°pido. Em 2022 restaur√£o apenas alguns fan√°ticos, falsos postes iguais ao Haddad.",920,1063557833134956546,2018-11-16 22:22:02,Twitter for Android,1,0,S√£o Paulo,,
12,"@DanPimpao Realmente votar em Haddad e se dizer contra a corrup√ß√£o √© hipocrisia ou burrice. Mas de hipocrisia a chapa do Haddad entendia bem, tinha uma comunista que se dizia a favor da democracia. Socialismo e democracia s√£o excludentes.",238,1063553842439233536,2018-11-16 22:06:10,Twitter Lite,0,0,,,
13,"@NoceMassao @ptbrasil @LulaOficial Os Petistas nao sao CAPITALISTAS por isso foram preso por causa de DINHEIRO,,,,,  HAddad o presidente Socialista que andava de Voos particulares e se hospedava em Hoteis 5 estrela, isso sim √© socialismo https://t.co/Qr8qncVCdX",261,1063508710780215297,2018-11-16 19:06:50,Twitter Web Client,0,0,"Vit√≥ria, Brazil",,
14,Gostei de um v√≠deo @YouTube https://t.co/YTjXeQbgj6 PORQUE FERNANDO HADDAD JOGOU A B√çBLIA FORA - CRISTIANISMO E SOCIALISMO N√ÉO,126,1063453967630315520,2018-11-16 15:29:18,Google,0,0,,,
15,"An√°lise do livro ""Em defesa do socialismo"", de Fernando Haddad. https://t.co/pUQ1cmZSB8 via @YouTube",100,1063438190655217664,2018-11-16 14:26:37,Twitter Web Client,0,1,"S√£o Paulo, Brasil",,
16,"An√°lise do livro ""Em defesa do socialismo"", de Fernando Haddad. https://t.co/pUQ1cmZSB8 via @YouTube",100,1063414155120689152,2018-11-16 12:51:06,Twitter Web Client,0,1,"S√£o Paulo, Brasil",,
17,"Kkkkkkkk....Exato! Para #Bolsominion socialismo significa distribuir pobreza e n√£o o contr√°rio....Enquanto isso o pr√©-governo destruindo todas nossas rela√ß√µes internacionais, a Venezueliza√ß√£o que eles imaginavam com o Haddad vai chegar bem r√°pido com a Rep√∫blica Bozonara https://t.co/zkMTEcTiU2",295,1063405290522066944,2018-11-16 12:15:53,Twitter for iPhone,0,0,"S√£o Paulo, Brasil",,
18,"@Haddad_Fernando Haddad, tente a elei√ß√£o na Venezuela, quem sabe vc consegue um cargo de ministro da educa√ß√£o e implante o kit gay por la...AQUI O SOCIALISMO COMUNISTA ACABOU.... ACABOU CARA...  ACABOU...foi pat√©tico ver seu chefe pedindo ao advogado...ME LEVA JUNTO....pat√©tico.",279,1063334998416211969,2018-11-16 07:36:34,Twitter Web Client,0,0,,,
19,Gostei de um v√≠deo @YouTube https://t.co/ob0d658Fsz PORQUE FERNANDO HADDAD JOGOU A B√çBLIA FORA - CRISTIANISMO E SOCIALISMO N√ÉO,126,1063189071512637442,2018-11-15 21:56:42,Google,0,0,S√£o Paulo,,
20,"AINDA TEM MUITA GENTE C√çNICA  E IGNORANTE NESTE BRASIL. INFELIZMENTE  43 MILH√ïES QUE VOTARAM NO HADDAD  N√ÉO SABEM DISTINGUIR DEMOCRACIA, COMUNISMO, SOCIALISMO ETC. OU LEVAM VANTAGEM DESTA GENTE, NEM QUE SEJA r$ 10,00 ( DEZ REAIS ) PARA ACOMPANHAR O MST. https://t.co/gf02qzKY5U",277,1063144114932404225,2018-11-15 18:58:03,Twitter Web Client,0,0,NOVA FRIBURGO - RJ,,
21,"Galerinha do SOCIALISMO, nada de BLACK FRIDAY hein, Karl Marx t√° de olho na sua hipocrisia! @ManuelaDavila @Haddad_Fernando @gleisi",131,1063094202731520000,2018-11-15 15:39:43,Twitter Web Client,0,0,,,
22,"@rodrigobahiense Li bastante. Todos eles. Sugiro, inclusive, que mude o discurso, pois essa ideia de ‚Äúmarxismo cultural‚Äù geralmente vem associada aos pensadores da Escola de Frankfurt (os coment√°rios recentes do Olavo de Carvalho ao ‚ÄúEm Defesa do Socialismo‚Äù, livro do Haddad, s√£o um bom exemplo)",296,1063072721372934144,2018-11-15 14:14:22,Twitter for iPhone,0,0,Rio de Janeiro,,
23,"Criminalize o comunismo/socialismo como √© o nazismo e n√£o s√≥ a√ß√µes terroristas. Vc pediu perd√£o ao TSE comunista, debochou do seu eleitorado. Comunistas n√£o d√£o  palpites tem que ser exilados ou presos. Vai voltar atr√°s Capit√£o? Vai pedir perd√£o ao Haddad? https://t.co/rlCbMB6nZk",280,1063032743708291072,2018-11-15 11:35:30,Twitter for Android,0,0,Rio de Janeiro,,
24,"@Poxa_Duff Burro? Invejoso? Kkkkkk, diferente de voc√™ eu tenho coer√™ncia, eu viu voc√™ defendendo o Haddad no twitter e n√£o √© justo pregar o socialismo e viver como capitalista, t√° errado isso a√≠",194,1063022272691269632,2018-11-15 10:53:54,Twitter for Android,0,0,021,,
25,Gostei de um v√≠deo @YouTube https://t.co/W3fAjTLwOp PORQUE FERNANDO HADDAD JOGOU A B√çBLIA FORA - CRISTIANISMO E SOCIALISMO N√ÉO,126,1062921859359039488,2018-11-15 04:14:54,Google,0,0,"Caruaru, Brasil",,
26,"‚ÄúHaddad √© o poste de Lula. Lula √© o poste de Maduro, atual gestor do projeto bolivariano. Maduro √© o poste de Ch√°vez. Ch√°vez era o poste do socialismo do s√©culo XXI de Laclau. Laclau e todo o marxismo disfar√ßado de p√≥s-marxismo √© o poste do mao√≠smo. Mao√≠smo √© o poste do inferno.‚Äù",280,1062842469254074368,2018-11-14 22:59:25,Twitter Web Client,1,0,"S√£o Paulo, Brasil",,
27,@Haddad_Fernando Comunismo/socialismo j√° eram Andrade. Vcs precisam se reinventar. Acabou a era PT. Vcs n√£o retornam mais ao poder. Se ficarem insistindo nessa cartilha leninista/marxista v√£o acabar virando verbete do Wikipedia.,228,1062779765701120001,2018-11-14 18:50:16,Twitter for Android,0,0,,,
28,"@eibarracuda @AlohaVally @livre7soul @pecesiqueira Em defesa do Socialismo, Fernando Haddad.",92,1062718528195719168,2018-11-14 14:46:56,Twitter Web Client,0,0,,,
29,"No livro  def do socialismo o Haddad cita escola d Frankfurt.  fundadores da Escola d Frankfurt, afirmaram nos anos 30 q o principal objetivo do marxismo  era fazer do Ocidente um espa√ßo ‚Äút√£o corrupto quanto podre‚Äù. Se h√° d√∫vida, basta olhar a a√ß√£o dessas fac√ß√µes esquerdistas.",277,1062713221969297408,2018-11-14 14:25:51,Twitter for Android,1,0,,,
30,"@PauloBa30395640 Sim, bom seria o Haddad, para continuarmos a conviver com o incha√ßo da maquina publica, da corrup√ß√£o do seu querido PT, mais ao contrario do que vcs pregam, vcs podem sair do pa√≠s a hora que quiserem, e ja que adoram o socialismo, a Venezuela √© aqui do lado, d√° para ir a p√©.",292,1062668464488361984,2018-11-14 11:28:00,Twitter Web Client,0,0,,,
31,"@NARSC77 @dudunaweb Boa tarde, o Haddad perdeu por causa do rancor e das Fake News. As elei√ß√µes brasileiras foram marcadas pelo medo. Medo do socialismo, medo da perman√™ncia do pt (pt estava no poder h√° 13 anos)Bolsonaro se apresentou como o ""novo"" como o ""salvador da P√°tria"" aliado a isso crise.",297,1062531908163289088,2018-11-14 02:25:22,Twitter for Android,0,2,na sua ,,
32,"Gostei de um v√≠deo @YouTube https://t.co/0xMI9qGFBt√°lise do livro ""Em defesa do socialismo"", de Fernando Haddad.",112,1062529446522040321,2018-11-14 02:15:35,Google,0,0,Fortaleza/Brasil,,
33,"Porteiro falando com sub-s√≠ndico: - Viu o v√≠deo que mandei? - N√£o - M√° Rapai, tai vendo - Cad√™, manda! √â o que? - Um cara comentando sobre o livro que Haddad escreveu - Hm, a√≠. - Livro merda, comunista bosta falando merda de socialismo. - Aquilo √© um imbecil! - √â mesmo!",270,1062491811153895432,2018-11-13 23:46:02,Twitter for Android,0,0,Brasil,,
34,"Gostei de um v√≠deo @YouTube https://t.co/Vfrze8os5J√°lise do livro ""Em defesa do socialismo"", de Fernando Haddad.",112,1062483780290703360,2018-11-13 23:14:07,Google,0,0,"Manaus, Amazonas",,
35,"@Pedro010763 @flaviomorgen N√£o exatamente n√©. Se perguntar pro Lula o que √© socialismo √© capaz de ele n√£o dar uma resposta satisfat√≥ria. O Haddad, por outro lado √© um socialista confesso, com forma√ß√£o na √°rea.",209,1062475127533813760,2018-11-13 22:39:44,Twitter for Android,3,0,,,
36,@jairbolsonaro haddad em defesa do socialismo https://t.co/30NwHHgPPT,69,1062436613287043078,2018-11-13 20:06:42,Twitter Lite,0,0,,,
37,"Adicionei um v√≠deo a uma playlist @YouTube https://t.co/pXlnEmZA84√°lise do livro ""Em defesa do socialismo"", de Fernando Haddad.",127,1062421263484928000,2018-11-13 19:05:42,Google,1,0,Santo Andr√©/S√£o Paulo/Brasil,,
38,"Gostei de um v√≠deo @YouTube https://t.co/pXlnEmHYJu√°lise do livro ""Em defesa do socialismo"", de Fernando Haddad.",112,1062421255796609024,2018-11-13 19:05:40,Google,0,0,Santo Andr√©/S√£o Paulo/Brasil,,
39,"@NARSC77 @dudunaweb Boa tarde, o Haddad perdeu por causa do rancor e das Fake News. As elei√ß√µes brasileiras foram marcadas pelo medo. Medo do socialismo, medo da perman√™ncia do pt (pt estava no poder h√° 13 anos)Bolsonaro se apresentou como o ""novo"" como o ""salvador da P√°tria"" aliado a isso crise.",297,1062419337523400706,2018-11-13 18:58:03,Twitter for iPhone,0,2,"Charitas, Niter√≥i",,
40,"@NARSC77 @dudunaweb Boa tarde, o Haddad perdeu por causa do rancor e das Fake News. As elei√ß√µes brasileiras foram marcadas pelo medo. Medo do socialismo, medo da perman√™ncia do pt (pt estava no poder h√° 13 anos)Bolsonaro se apresentou como o ""novo"" como o ""salvador da P√°tria"" aliado a isso crise.",297,1062359899655548928,2018-11-13 15:01:52,Twitter for Android,165,2,na sua ,,
41,"Gostei de um v√≠deo @YouTube https://t.co/6APcHQKbkQ√°lise do livro ""Em defesa do socialismo"", de Fernando Haddad.",112,1062348451688730624,2018-11-13 14:16:23,Google,1,0,,,
42,"@TiiagoRamos Mas socialismo √© estado cheio... m√°quina imensa tomando conta do pa√≠s, Haddad era Marx (gastar alem do que pode) e o Bolso √© Trotski (for√ßas pra controle). Da quase no mesmo... porque s√£o os l√° de fora que mandam e a ma√ßonaria que sempre se impoe. Eu estou me preparando. AC vem",291,1062317405530214403,2018-11-13 12:13:01,Twitter for Android,1,0,Brasil,,
43,A esperan√ßa s√≥ cresce! Vejam o sinal da URSAL nos c√©us de cidade do interior do Nordeste. Rsss #ursal #esquerda #socialismo #Lulalivre #Haddad  #Darciolo https://t.co/MeFUvGBAA9,177,1062314678385291265,2018-11-13 12:02:10,Twitter for iPhone,2,0,"Natal, Brasil","{'type': 'Point', 'coordinates': [-5.85186593, -35.20008593]}","{'type': 'Point', 'coordinates': [-35.20008593, -5.85186593]}"
44,"An√°lise do livro ""Em defesa do socialismo"", de Fernando Haddad. https://t.co/JQPjoDxHDF via @YouTube",100,1062217049685061632,2018-11-13 05:34:14,Twitter Web Client,0,0,Teres√≥polis,,
45,"@Haddad_Fernando Hahahaha, vai sonhando. Cada vez mais o espa√ßo maldito do socialismo/comunismo est√° sendo diminu√≠do, GRA√áAS A DEUS, e cada vez voc√™s ter√£o menos voz, e causar√£o menos males e desgra√ßas ao mundo. Logo VENEZUELA est√° livre de vcs tb, seus malditos!",263,1062193161127280641,2018-11-13 03:59:18,Twitter Web Client,0,0,,,
46,"@Henriquer34 @DFG1404 @Estadao Prova sim. Leia as diretrizes do PSDB e oq eles acreditam. Social-democracia √© uma vertente n√£o do socialismo primitivo, mas do fabianismo. O FHC tem como inspira√ß√£o filosofica a escola de frankfurt, mesma escola marxista que o Haddad √© adepto.",275,1062166979014991874,2018-11-13 02:15:16,Twitter for Android,1,0,,,
47,"@karnal_poeta @Haddad_Fernando Socialismo √© a f√© cega no progresso, n√©? Mas, contra o modernismo, preserva a arquitetura barroca onde o socialismo √© aplicado na pr√°tica. S√≥ esquecem de fazer a manuten√ß√£o dos pr√©dios. rsrs Sempre adiante, mesmo que pare√ßa retrocesso - nada √© mais reacion√°rio.",292,1062165221077331968,2018-11-13 02:08:17,Twitter Web Client,0,0,,,
48,"@KarlPedufre @JoelAlexandreM Amoedo √© o NOVO FHC, vem preparar terreno para esquerda. Globalismo √© a uni√£o do socialismo de Frankfurt com o poder econ√¥mico (Haddad + Ita√∫ = Amoedo NOVO). Querem a destrui√ß√£o de todos os valores morais para o poder econ√¥mico dominar e implantar o socialismo. Saporra do Soros!",308,1062092063129432066,2018-11-12 21:17:35,Twitter for iPhone,1,0,"Bel√©m, Brasil",,
49,a coisa mais estranha aqui em casa √© que meu pai que se autodenomina ultraconservador e que votou no bozo nos dois turnos e eu que defendo abertamente o socialismo revolucion√°rio concordamos desde o princ√≠pio que entre ciro e haddad a gente vai obviamente de haddad,265,1062089337427423232,2018-11-12 21:06:45,Twitter for Android,2,0,bh,,
50,"@Vagazoide ent√£o porque voc√™ n√£o admite que tende mais pra esquerda? as propostas do Ciro n√£o eram muito diferente do Haddad,Ciro √© de esquerda quer controlar a economia,tende para o socialismo.",194,1062075228795428864,2018-11-12 20:10:41,Twitter Web Client,2,0,,,
51,"@Cavalheiro1971 @ManuelaDavila @FlavioDino Eu estou certo sim. O socialismo de cabresto, o povo √© explorado, √© induzido a votar em um coronelato, seja de Sarney seja de Dino, √© cabresto, n√£o levam desenvolvimento, levam escravid√£o as pessoas . Essa cidade de Bel√°qua foi aonde o Haddad teve mais votos no Brasil . E a√≠ ? https://t.co/9qehcuRMMd",344,1062048594990190594,2018-11-12 18:24:51,Twitter Web Client,6,0,Rio Grande do Sul / Brasil,,
52,- Lula √© inocente. - N√£o existe provas contra Lula. - Haddad n√£o criou o Kit Gay. - Haddad e Manuela continuam indo a Missa. - PT √© o partido mais honesto do mundo. - Comunismo e Socialismo funcionam. - Venezuela do Maduro √© uma Democracia.  #Fa√ßaSuaFakeNews,258,1062027459875557376,2018-11-12 17:00:52,Twitter for iPhone,0,4,,,
53,- Lula √© inocente. - N√£o existe provas contra Lula. - Haddad n√£o criou o Kit Gay. - Haddad e Manuela continuam indo a Missa. - PT √© o partido mais honesto do mundo. - Comunismo e Socialismo funcionam. - Venezuela do Maduro √© uma Democracia.  #Fa√ßaSuaFakeNews,258,1062014630971797504,2018-11-12 16:09:53,Twitter Lite,0,4,Fazenda Rio Grande,,
54,- Lula √© inocente. - N√£o existe provas contra Lula. - Haddad n√£o criou o Kit Gay. - Haddad e Manuela continuam indo a Missa. - PT √© o partido mais honesto do mundo. - Comunismo e Socialismo funcionam. - Venezuela do Maduro √© uma Democracia.  #Fa√ßaSuaFakeNews,258,1062011556165283840,2018-11-12 15:57:40,Twitter Web Client,0,4,Rio de Janeiro,,
55,- Lula √© inocente. - N√£o existe provas contra Lula. - Haddad n√£o criou o Kit Gay. - Haddad e Manuela continuam indo a Missa. - PT √© o partido mais honesto do mundo. - Comunismo e Socialismo funcionam. - Venezuela do Maduro √© uma Democracia.  #Fa√ßaSuaFakeNews,258,1062011312107126784,2018-11-12 15:56:42,Twitter Lite,0,4,"Belo Horizonte, Brasil",,
56,- Lula √© inocente. - N√£o existe provas contra Lula. - Haddad n√£o criou o Kit Gay. - Haddad e Manuela continuam indo a Missa. - PT √© o partido mais honesto do mundo. - Comunismo e Socialismo funcionam. - Venezuela do Maduro √© uma Democracia.  #Fa√ßaSuaFakeNews,258,1062011115956330496,2018-11-12 15:55:55,Twitter Web Client,40,4,World,,
57,@BorgesMiula @ze_uncle @flaviohumanas @Haddad_Fernando O que eu sei de socialismo √© que ele s√≥ funciona no papel.,113,1062009047031996416,2018-11-12 15:47:42,Twitter Web Client,0,0,"Ara√ßatuba, Brasil",,
58,"@LikePain @angmligapranome @JoySilv31206796 @vim_foi @jojojaoo @giiiul @navegante_negro @lelispatricia Podia tamb√©m ser proibido ir pro capitalismo opressor do trump quem apoiou o Haddad, mas √© melhor pregar socialismo no pa√≠s dos outros üëç",239,1062000454027108352,2018-11-12 15:13:33,Twitter for Android,0,0,,,
59,#Fa√ßaSuaFakeNews O socialismo deu certo Lula √© inocente Haddad pagou toda sua campanha Os lacradores dessa rede social n√£o s√£o sustentados pelos pais,149,1061980450850246656,2018-11-12 13:54:04,Twitter for Android,0,0,üåé,,
60,"@ManuelaDavila @Haddad_Fernando @cirogomes @luisnassif @GuilhermeBoulos eu n√£o vou discutir isso aqui, n√£o agora üôÇO socialismo sem d√∫vida √© uma utopia e deve orientar a a√ß√£o pol√≠tica, mas j√° disse l√° atr√°s que a utopia nunca pode se realizar. Ela se tornaria um totalitarismoüôÇ",276,1061979285966196736,2018-11-12 13:49:27,Twitter Web Client,0,0,S√£o Carlos SP Brazil,,
61,- Skol Beats √© cerveja de h√©tero - Lula n√£o √© ladr√£o - Ciro Gomes √© economista - Haddad continua indo na missa - Jesus era comunista - O Nazismo √© de direita - PSOL - Socialismo e Liberdsde  #Fa√ßaSuaFakeNews https://t.co/SwkdfD68Lm,231,1061976799213686785,2018-11-12 13:39:34,Twitter for Android,10,0,,,
62,@GuerreiroSocia1 @Haddad_Fernando Ser√°? Ser√° que o povo brasileiro vai comenter burrice voltar com o PT.  A onde o socialismo deve futuro ? Se vc ganha  500 e outro ganha 300 e esse 300 s√≥ faz 25 hrs e vc faz 40 hrs e ele recebe o mesmo que vc !,245,1061973936504799234,2018-11-12 13:28:11,Twitter Lite,0,0,Inglaterra Bristol ,,
63,@Haddad_Fernando socialismo e democracia juntos na mesma frase... √© o mesmo que ter o lula do lado do seu processo gigantesco cheio de provas e.. dizer que ele √© inocente... N√ÉO FAZ SENTIDO NENHUM!!!,199,1061972389381189638,2018-11-12 13:22:02,Twitter Web Client,0,0,"Belo Horizonte, Brasil",,
64,"@matheuzanu @naranayama @BeteRochaM97 @lelispatricia @robergt Muitos q votam no Haddad  e defendem o socialismo moram nos Estados Unidos, qual a diferen√ßa?",155,1061938813625348096,2018-11-12 11:08:37,Twitter Lite,2,0,"Santa Rita do Passa Quatro, SP",,
65,@Haddad_Fernando Conceito tem sim o socialismo a democracia j√° √© comprovada o socialismo √© uma experi√™ncia que at√© agora n√£o deu certo!!,136,1061933341346316288,2018-11-12 10:46:53,Twitter Lite,0,0,Via L√°ctea,,
66,"@rosangelapr @jairbolsonaro Livro ‚ÄòEm defesa do socialismo‚Äô, de Fernando Haddad.Esse √© muito bom!",97,1061813986549813253,2018-11-12 02:52:36,Twitter Web Client,8,0,"Santo Ant√¥nio de Jesus, Brasil",,
67,"@SnBVictorDuarte @Jp87Mal @caires_elton @RafaelVB70 @Haddad_Fernando @yoanisanchez Meu querido, n√£o apoio socialismo/comunismo. Eu tenho EMPATIA e isso basta. N√£o preciso de ideologia pol√≠tica nenhuma pra saber que todas as pessoas merecem respeito e oportunidades.",265,1061774688307896320,2018-11-12 00:16:27,Twitter Lite,0,0,,,
68,"@renilson_matos @Virginiapma @odiodobem2 Problema que eles se irritaram (esquerda), pq tiramos 16 anos de comunismo, que eles iriam ""firmar"" isso caso Haddad ganhasse, a√≠ nunca mais sair√≠amos desse socialismo.. Gra√ßas a Deus, BolsoMoro ganhou, agora o Brasil caminhar√°... üòéüëâüëâüáßüá∑",277,1061773457401229313,2018-11-12 00:11:33,Twitter for Android,0,0,"Corn√©lio Proc√≥pio, Brasil",,
69,"@Daniela39010316 @ze_uncle @flaviohumanas @Haddad_Fernando √â? E o que voc√™ sabe de socialismo? Como ""defender a economia socialista"" num pa√≠s e mundo capitalista como o nosso?",175,1061760476877611008,2018-11-11 23:19:58,Twitter for Android,0,0,,,
70,@EscarlateOHara Eu acho que a Dilma o Lula e o Haddad juntos fariam uma equipe √≥tima.. L√≥gico que com a Manuella tamb√©m..    eu quero o PT de volta pro Brasil ser feliz de novo ..  socialismo regado de comunismo pra melhorar nosso Brasil..  Viva CHE  Viva CHAVES ...   Sendo ir√¥nico,282,1061750469138284544,2018-11-11 22:40:12,Twitter for Android,0,0,s√£o paulo   Z/S     v.joaniza,,
71,"@Helogomez_ @lelispatricia Capacitado √© o Haddad que escreveu a tese economica do Socialismo da Uni√£o Sovi√©tica e um ano depois a mesma faliu e o muro de Berlin caiu. Capacitado √© esse lixo que √© investigado em 33 processos por corrup√ß√£o, lavagem de dinheiro, improbidade administrativa",286,1061745903839666178,2018-11-11 22:22:04,Twitter Web Client,0,0,,,
72,"Que v√≠deo incr√≠vel, explica o que √© a esquerda e o socialismo de forma r√°pida e did√°tica. Valeu a pena assistir os 4 minutos do v√≠deo. Assistam caso j√° n√£o tenha visto @jairbolsonaro @Haddad_Fernando @ManuelaDavila @BlogDoPim @RicaPerrone @DaniloGentili @lobaoeletrico https://t.co/EnGQL2eH7c",292,1061680023604813824,2018-11-11 18:00:17,Twitter Web Client,1,0,"Itanha√©m, Brasil",,
73,"Sinceramente, quando vejo cientista pol√≠tico, eu tenho d√∫vidas se o cara realmente √© bom. Um dos nomes da ci√™ncia pol√≠tica atual aqui no Brasil, por exemplo √© o ""Fernando Haddad"". A mesma figura fez um livro chamado ""Em defesa do socialismo"". Eu nem sei mais em quem confiar.",275,1061668808895668226,2018-11-11 17:15:43,Twitter Web Client,0,0,"Bel√©m, Brasil",,
74,"Gostei de um v√≠deo @YouTube https://t.co/Dt2xJzHBa9√°lise do livro ""Em defesa do socialismo"", de Fernando Haddad.",112,1061603890133680129,2018-11-11 12:57:45,Google,0,0,Osasco-SP,,
75,@Chris_Branco te recomendo um v√≠deo do Olavo de Carvalho que comenta um livro do Haddad em defesa do socialismo,111,1061466401473552387,2018-11-11 03:51:25,Twitter for iPhone,0,1,"Sao Paulo, Brazil",,
76,"Adicionei um v√≠deo a uma playlist @YouTube https://t.co/FmvMJyjBJ2√°lise do livro ""Em defesa do socialismo"", de Fernando Haddad.",127,1061462148520558592,2018-11-11 03:34:31,Google,0,0,Brasil,,
77,"@Clauwild1 @MariMay77 Tenho uma conhecida que pra ela n√£o importava se era , Lula, Haddad, Ciro ou Fernandinho Beira mar. O que n√£o era aceit√°vel pra ela era acabar com o socialismo.",182,1061444175294533632,2018-11-11 02:23:06,Twitter for iPhone,0,0,"Rio de Janeiro, Brazil",,
78,"An√°lise do livro ""Em defesa do socialismo"", de Fernando Haddad. https://t.co/wW89ju8v7N via @YouTube",100,1061440660681736193,2018-11-11 02:09:08,Twitter for iPad,0,0,,,
79,"@annemathias1 @MeliodasNetto @felipeneto @Haddad_Fernando Amigo, ele tem 2 livros defendendo o socialismo, e ainda √© do PT, TU ACHA OQUE?",137,1061367092375642112,2018-11-10 21:16:48,Twitter for Android,0,0,"S√£o Lu√≠s, Brasil",,
80,@Chris_Branco te recomendo um v√≠deo do Olavo de Carvalho que comenta um livro do Haddad em defesa do socialismo,111,1061348667033116674,2018-11-10 20:03:35,Twitter for Android,1,1,,,
81,"@luciano_hang Uma parcela dos 44% dos eleitores de Haddad fazem compras na 5¬∫ Avenida em NY. A outra parcela, faz compra pela internet, valendo-se do conforto de suas casas. A elite √© assim: vida de Rockefeller para eles, Socialismo para os outros.",248,1061303164715089920,2018-11-10 17:02:47,Twitter Web Client,0,0,,,
82,@Haddad_Fernando voc√™ est√° bem? Estou lendo suas publica√ß√µes e sinto que voc√™ n√£o aceitou o fato que come√ßou errado a disputa da elei√ß√£o.  1. Admita que errou ao escolher o partido 2. Admita que Lula √© presidi√°rio  3. Admita que socialismo/comunismo n√£o serve pro BR  Seja feliz!,279,1061283390907912192,2018-11-10 15:44:12,Twitter for Android,0,0,"S√£o Jos√© do Rio Preto, Brasil",,
83,@alvesssj @alefrotabrasil Kkkk inteligente √© a Manuela Davila que prega o socialismo e comunismo e vai para EUA ou Haddad que nem conseguiu administrar o dinheiro de campanha...,177,1061246375562801152,2018-11-10 13:17:07,Twitter for Android,4,0,MG,,
84,"Gostei de um v√≠deo @YouTube https://t.co/nJ3g5R9ZrL√°lise do livro ""Em defesa do socialismo"", de Fernando Haddad.",112,1061230913080700928,2018-11-10 12:15:41,Google,0,0,Brazil,,
85,"No twitter de Haddad ""F√©feca"" ele fala do crescimento do socialismo nos EEUU ... Vamos dar uma monumental ""cagada"" e amanh√£ j√° de ""bucho"" vazio analisaremos com nosso correspondente nos EUA, Oppauh Nokkhu! ...",209,1061093700858773504,2018-11-10 03:10:27,Mobile Web (M2),0,0,Bagdhah,,
86,"@eclipsechildksj @fidesgratia @sasa_crf @wvernareccia Leia o livro do querido Fernando Haddad ""Em defesa do socialismo"" e ver√° que at√© mesmo a erotiza√ß√£o das rela√ß√µes entre pais e filhos, s√£o recomendadas como m√©todo de destrui√ß√£o dos la√ßos afetivos naturais entre eles, com a consequente anula√ß√£o de toda a autoridade dos pais.",328,1061065216413306880,2018-11-10 01:17:15,Twitter Web Client,1,0,"Ubatuba, Brasil",,
87,"@Haddad_Fernando Voltou a ser vermelho ou nunca deixou de ser? Cad√™ o verde e amarelo? Qdo o Comunismo e o Socialismo no mundo andadam de m√£os dadas c/ a Democracia? No Brasil, se vcs implantassem totalmente seu sistema pol√≠tico-econ√¥mico de esq, o povo veria o fim da rep√∫blica democr√°tica!",291,1061043591735402497,2018-11-09 23:51:20,Twitter for iPhone,0,0,,,
88,"@RicardoDGarcia @dr160fernandes @kakamgbz @mariosabinof @GloboNews Tem mensal√£o, petrol√£o, porto de Mariel, apoio a Venezuela, Cuba, ‚Äúperformance‚Äù com crian√ßa passando a m√£o em adulto pelado, apoio a libera√ß√£o do aborto, livro do Haddad ‚ÄúEm defesa do Socialismo‚Äù etc. etc. etc.  Mas j√° sei: vc vai continuar negando. Boa fantasia ai, tchau! üåàüåà",343,1060961604098031616,2018-11-09 18:25:32,Twitter for Android,0,1,em algum lugar no Marah√£o,,
89,O Socialismo √© maravilhoso! Seu sistema √© implantado a for√ßa!  @ptbrasiI @PTnoSenado @LulaOficial @NicolasMaduro @gleisi @Haddad_Fernando https://t.co/IZicvka1yJ,161,1060900706620768256,2018-11-09 14:23:33,Twitter for Android,0,0,Brasil,,
90,"@RicardoDGarcia @dr160fernandes @kakamgbz @mariosabinof @GloboNews Tem mensal√£o, petrol√£o, porto de Mariel, apoio a Venezuela, Cuba, ‚Äúperformance‚Äù com crian√ßa passando a m√£o em adulto pelado, apoio a libera√ß√£o do aborto, livro do Haddad ‚ÄúEm defesa do Socialismo‚Äù etc. etc. etc.  Mas j√° sei: vc vai continuar negando. Boa fantasia ai, tchau! üåàüåà",343,1060900229845843968,2018-11-09 14:21:40,Twitter for iPhone,6,1,Brasil,,
91,"@MMoreschi_2 @ManuelaDavila leia o livro ""Em defesa do Socialismo"" do senhor Haddad onde ele deixa bem claro como isso foi feito procure saber  mas afundo sobre o metodo empregado por Paulo Freire aqui no Brasil...  .mas vc acha normal os alunos expularem os ad√©ptos do Bossonaro da univercidade ?",297,1060897243987935232,2018-11-09 14:09:48,Twitter for Android,0,0,,,
92,"Hipocrisia gritando muito aqui senhora @FernandaLimaBah! Socialismo de iPhone t√° demais! J√° que ser√° resist√™ncia ajude o @Haddad_Fernando  a pagar as contas dele por que ele fez os c√°lculos e n√£o deu certo, nem terminou de pagar a campanha. https://t.co/zIM4ccbKKU",264,1060807459961475074,2018-11-09 08:13:01,Twitter for Android,1,0,,,
93,Gostei de um v√≠deo @YouTube https://t.co/3NjgZieIOW PORQUE FERNANDO HADDAD JOGOU A B√çBLIA FORA - CRISTIANISMO E SOCIALISMO N√ÉO,126,1060716834113110017,2018-11-09 02:12:55,Google,0,0,,,
94,Gostei de um v√≠deo @YouTube https://t.co/qIW2pFDanR PORQUE FERNANDO HADDAD JOGOU A B√çBLIA FORA - CRISTIANISMO E SOCIALISMO N√ÉO,126,1060688842330697728,2018-11-09 00:21:41,Google,0,0,,,
95,E o Haddad e o PT que doutrinam o socialismo no Brasil https://t.co/Q5jB8aGBKB,78,1060648658184650753,2018-11-08 21:42:00,Twitter for Android,0,0,,,
96,"@VEJA Venezuela, por ter implantando o socialismo, virou um para√≠so, pode perguntar para O Freixo, Boullos, Boff, Lula, Manuela, Haddad, Jandira, Marina E outros... esse povo que est√° saindo de l√° s√£o apenas ""imigrantes"" segundo a Globo, uns ingratos n√£o s√£o?",259,1060620757796093953,2018-11-08 19:51:08,Twitter for Android,1,0,Brasil,,
97,"@Haddad_Fernando Socialismo e Democracia s√£o como √°gua e √≥leo, n√£o se misturam. Ou voc√™ tem uma Democracia ou voc√™ tem um socialismo, que √© geralmente um regime ditatorial (Cuba, Russia, Venesuela, etc...)",205,1060615935072104448,2018-11-08 19:31:58,Twitter Web Client,0,0,,,
98,@MitndopraGeral1 @policiafederal @Haddad_Fernando √ë falar sobre socialismo √© bem melhor(Haddad que disse ),106,1060609080656609280,2018-11-08 19:04:44,Twitter for Android,0,0,"Pelotas, Brasil",,
99,"Gostei de um v√≠deo @YouTube https://t.co/lleBBYs4hf√°lise do livro ""Em defesa do socialismo"", de Fernando Haddad.",112,1060586759837237248,2018-11-08 17:36:02,Google,0,0,,,
100,"CONGRESSO: https://t.co/y6Emg2mKFg LIVRO: ""EM DEFESA DO SOCIALISMO"" De Fernando Haddad   Desculpa, mas tem que ser um JUMENTO pra vim falar que o PT n√£o √© socialista https://t.co/6Nk9bkGr6g",189,1060583780535152642,2018-11-08 17:24:12,Twitter for Android,0,1,"Bel√©m, Brasil",,
101,"Gostei de um v√≠deo @YouTube https://t.co/lleBBYJFFP√°lise do livro ""Em defesa do socialismo"", de Fernando Haddad.",112,1060579259956240385,2018-11-08 17:06:14,Google,0,0,,,
